Row Labels;Average of avg
1;38.69225635
2;44.00060037
3;43.42556565
4;44.88330912
5;42.22675176
6;42.6852498
7;41.18528946
8;43.40408823
9;41.88914242
10;42.42256598
BARCELONA;#VALUE!
(blank);
Grand Total;#VALUE!
