Row Labels;Average of avg
1;38.99491351
2;44.51673575
3;43.86798331
4;45.1811698
5;42.27266086
6;42.8575699
7;41.59272432
8;43.65149215
9;42.47255322
10;42.73941051
"i més""";#DIV/0!
(blank);
Grand Total;#DIV/0!
